PRICE 18PK,CASES 18PK
14.10,439
18.65,98
18.65,70
18.65,52
18.65,64
18.65,72
18.65,47
18.73,85
18.75,59
18.75,63
18.75,57
18.75,54
13.87,404
14.27,380
18.76,65
18.77,40
13.87,456
14.14,176
18.76,61
18.72,91
18.76,59
18.76,83
18.74,41
18.75,47
18.75,84
18.75,85
18.75,116
13.79,544
13.49,890
14.89,371
13.94,557
13.67,775
14.43,236
18.75,43
18.22,63
14.06,469
14.43,335
19.48,75
15.15,461
13.79,817
14.31,200
19.50,32
13.85,460
14.23,751
19.31,70
19.29,80
13.76,523
13.45,741
15.13,130
19.43,69
13.26,493
13.92,814
